Grape,Winery,Appelation,State,Name,Year,Price,Score,Cases
Cabernet Sauvingnon,Sebastiani,Sonoma County,California,Cabernet Sauvignon,2006,18,87,120123
Cabernet Sauvingnon,Beringer,Knights Valley,California,Cabernet Sauvignon,2008,27,88,44500
Cabernet Sauvingnon,Caymus,Napa Valley,California,Special Selection,2008,130,94,15618
Cabernet Sauvingnon,Dry Creek,Dry Creek Valley,California,Cabernet Sauvignon,2007,25,87,15000
Cabernet Sauvingnon,Duckhorn,Napa Valley,California,Cabernet Sauvignon,2006,65,87,13744
Cabernet Sauvingnon,Turnbull,Napa Valley,California,Cabernet Sauvignon,2007,40,91,10000
Cabernet Sauvingnon,Darioush,Napa Valley,California,Cabernet Sauvignon,2007,80,94,8783
Cabernet Sauvingnon,Artesa,Napa-Sonoma counties,California,Elements,2006,18,86,8000
Cabernet Sauvingnon,Paul Hobbs,Napa Valley,California,Cabernet Sauvignon,2007,75,92,5653
Cabernet Sauvingnon,Girard,Napa Valley,California,Artistry,2008,40,88,4944
Cabernet Sauvingnon,Girard,Napa Valley,California,Artistry,2007,40,88,4600
Cabernet Sauvingnon,Round Pond Estate,Rutherford,California,Cabernet Sauvignon,2007,50,94,4018
Cabernet Sauvingnon,Chappellet,Napa Valley,California,Pritchard Hill,2007,135,96,3368
Cabernet Sauvingnon,Montes,Napa Valley,California,Napa Angel Aurelios Selection,2007,90,87,3000
Cabernet Sauvingnon,Louis M. Martini,Sonoma Valley,California,Monte Rosso Vineyard,2005,85,91,2550
Cabernet Sauvingnon,Frank Family,Rutherford,California,Reserve,2005,85,90,2400
Cabernet Sauvingnon,Merryvale,Napa Valley,California,Cabernet Sauvignon,2006,55,86,2284
Cabernet Sauvingnon,Cade,Napa Valley,California,Napa Cuvee,2006,60,91,2200
Cabernet Sauvingnon,Lewis,Napa Valley,California,Reserve,2006,125,95,2000
Cabernet Sauvingnon,Chimeney Rock,Stags Leap District,California,Elevage,2007,78,93,1952
Cabernet Sauvingnon,Ramey,Napa Valley,California,Annum,2007,85,95,1700
Cabernet Sauvingnon,Lewis,Napa Valley,California,Reserve,2007,130,95,1700
Cabernet Sauvingnon,Peter Franus,Napa Valley,California,Cabernet Sauvignon,2007,40,92,1369
Cabernet Sauvingnon,Guarachi,Napa Valley,California,Cabernet Sauvignon,2007,65,92,1269
Cabernet Sauvingnon,Veraison,Napa Valley,California,Stagecoach Vineyard,2005,60,93,1232
Cabernet Sauvingnon,Snowden,Napa Valley,California,The Ranch,2006,40,92,1200
Cabernet Sauvingnon,Pina,Napa Valley,California,DAdamo Vineyard,2007,75,93,1085
Cabernet Sauvingnon,Highlands,Napa Valley,California,Cabernet Sauvignon,2006,55,90,1000
Cabernet Sauvingnon,Chimeney Rock,Stags Leap District,California,Tomahawk Vineyard,2007,115,93,958
Cabernet Sauvingnon,Daou,Paso Robles,California,La Capilla Collection,2007,46,86,873
Cabernet Sauvingnon,Ehlers Estate,St. Helena,California,1886,2007,95,92,800
Cabernet Sauvingnon,Bucella,Napa Valley,California,Cabernet Sauvignon,2006,135,93,792
Cabernet Sauvingnon,Blue Rock,Alexander Valley,California,Cabernet Sauvignon,2006,47,86,784
Cabernet Sauvingnon,Boyanci,Napa Valley,California,InSpire,2007,60,92,715
Cabernet Sauvingnon,Hourglass,Napa Valley,California,Cabernet Sauvignon,2006,135,97,700
Cabernet Sauvingnon,Darioush,Napa Valley,California,Darius II,2007,225,96,698
Cabernet Sauvingnon,Fontanella Family,Mount Vedeer,California,Cabernet Sauvignon,2007,50,92,650
Cabernet Sauvingnon,Keever,Yountville,California,Cabernet Sauvignon,2007,90,92,650
Cabernet Sauvingnon,Fleming Jenkins,Napa Valley,California,Choreography,2006,50,88,643
Cabernet Sauvingnon,Dancing Hares,Napa Valley,California,Cabernet Sauvignon,2005,95,95,600
Cabernet Sauvingnon,Paul Hobbs,St. Helena,California,Beckstoffer Dr. Crane Vineyard,2007,150,97,586
Cabernet Sauvingnon,Neyers,Napa Valley,California,Neyers Ranch - Conn Valley,2007,48,95,575
Cabernet Sauvingnon,David Arthur,Napa Valley,California,Elevation 1147,2007,135,87,541
Cabernet Sauvingnon,Turnbull,Napa Valley,California,Black Label,2007,100,94,500
Cabernet Sauvingnon,Nickel & Nickel,Yountville,California,State Lane Ranch,2006,90,88,430
Cabernet Sauvingnon,Phifer Pavitt,Napa Valley,California,Date Night,2007,75,94,400
Cabernet Sauvingnon,Erna Schein,California,California,Jersey Boy,2007,50,88,384
Cabernet Sauvingnon,Penche,Napa Valley,California,Cabernet Sauvignon,2006,60,92,354
Cabernet Sauvingnon,Barrack,Santa Ynez Valley,California,Ten-Goal Happy Canyon Vineyards,2005,60,92,350
Cabernet Sauvingnon,Langtry,Lake County,California,Tephra Ridge Vineyard,2006,40,88,342
Cabernet Sauvingnon,Ilsley,Stags Leap District,California,Cabernet Sauvignon,2005,55,90,318
Cabernet Sauvingnon,Krutz Family,Napa Valley,California,Stagecoach Vineyard,2006,70,87,315
Cabernet Sauvingnon,The Four,Napa Valley,California,Cabernet Sauvignon,2006,75,93,310
Cabernet Sauvingnon,Prime,Napa Valley,California,District 4,2007,39,88,304
Cabernet Sauvingnon,PerryMoore,Oakville,California,Beckstoffer To Kalon Vineyard,2005,100,91,300
Cabernet Sauvingnon,Erna Schein,Napa Valley,California,Spare Me,2007,45,88,280
Cabernet Sauvingnon,Carter,Napa Valley,California,Coliseum Block,2007,125,92,277
Cabernet Sauvingnon,PerryMoore,St. Helena,California,Dr. Crane Vineyard,2005,100,90,250
Cabernet Sauvingnon,Morlet,Napa Valley,California,Couer de Valee,2007,175,92,250
Cabernet Sauvingnon,Casa Piena,Napa Valley,California,Cabernet Sauvignon,2006,125,93,240
Cabernet Sauvingnon,Janzen,Napa Valley,California,Beckstoffer To Kalon Vineyard,2007,135,92,235
Cabernet Sauvingnon,Carter,Napa Valley,California,Beckstoffer To Kalon Vineyard,2007,125,92,190
Cabernet Sauvingnon,Lewis,Napa Valley,California,Hillstone Vineyard,2008,130,94,180
Cabernet Sauvingnon,Cavus,Stags Leap District,California,Cabernet Sauvignon,2007,90,93,155
Cabernet Sauvingnon,Maldonado,Spring Mountain District,California,Peter Newton Vineyard,2006,92,88,126
Cabernet Sauvingnon,Dos Lagos,Atlas Peak,California,Cabernet Sauvignon,2007,125,88,120
Cabernet Sauvingnon,Pott,Oakville,California,Neruda Brix Vineyard,2008,90,90,73
Chardonnay,Bogle,California,California,Chardonnay,2009,10,88,250000
Chardonnay,Sebastiani,Sonoma County,California,Chardonnay,2007,13,88,82130
Chardonnay,Acacia,Carneros,California,Chardonnay,2007,22,87,70200
Chardonnay,Moon Mountain,Sonoma County,California,Chardonnay,2007,13,87,42250
Chardonnay,Cuvasion,Napa Valley,California,Carneros,2007,24,88,40000
Chardonnay,Rombauer,Carneros,California,Chardonnay,2007,32,91,40000
Chardonnay,Kunde Estate,Sonoma Valley,California,Chardonnay,2007,17,87,35000
Chardonnay,Artesa,Carneros,California,Chardonnay,2007,20,90,33000
Chardonnay,Far Niente,Napa Valley,California,Chardonnay,2007,56,91,30000
Chardonnay,Cakebread,Napa Valley,California,Chardonnay,2007,39,90,25000
Chardonnay,Beringer,Napa Valley,California,Private Reserve,2007,35,91,21900
Chardonnay,Chalone,Chalone,California,Chardonnay,2007,25,92,16801
Chardonnay,Beaulieu Vineyard,Napa Valley,California,Carneros,2007,17,90,15000
Chardonnay,Chalk Hill,Chalk Hill,California,Chardonnay,2005,45,90,15000
Chardonnay,Au Bon Climat,Santa Barbara County,California,Chardonnay,2007,20,91,12000
Chardonnay,Kunde Estate,Sonoma Valley,California,Reserve,2006,30,88,5800
Chardonnay,Beringer,Napa Valley,California,Sbraglia Limited-Release,2007,40,92,5600
Chardonnay,Shafer,California,California,Red Shoulder Ranch,2007,48,93,5500
Chardonnay,CC:,California,California,Chardonnay,2009,15,86,5000
Chardonnay,Talley,Arroyo Grande Valley,California,Chardonnay,2007,26,91,4603
Chardonnay,Domain Chandon,Carneros,California,Chardonnay,2006,26,91,4600
Chardonnay,Chateau St. Jean,Sonoma County,California,Reserve,2006,45,92,4600
Chardonnay,Gary Farrell,Russian River Valley,California,Russian River Selection,2008,32,89,4474
Chardonnay,Byron,Santa Maria Valley,California,Chardonnay,2007,26,90,4406
Chardonnay,Dutton-Goldfield,Russian River Valley,California,Dutton Ranch,2007,35,91,3981
Chardonnay,Morgan,Monterey County,California,Metallico Un-Oaked,2009,20,91,3800
Chardonnay,Kistler,Russian River Valley,California,Wine Hill Vineyard,2006,75,94,3640
Chardonnay,Kistler,Sonoma County,California,McCrea Vineyard,2006,75,95,3634
Chardonnay,Pahlmeyer,Napa Valley,California,Chardonnay,2007,70,92,3341
Chardonnay,Hanzell,Sonoma Valley,California,Chardonnay,2006,70,92,3253
Chardonnay,Truchard,Napa Valley,California,Carneros,2007,30,92,2930
Chardonnay,Napa Family,Napa Valley,California,Finest Selection Reserve,2007,10,86,2853
Chardonnay,Y3,Napa Valley,California,Chardonnay,2009,20,89,2820
Chardonnay,Peter Michael,Sonoma County,California,Ma Belle-Fille,2007,85,95,2780
Chardonnay,Sbragia Family,Dry Creek Valley,California,Home Ranch,2007,26,92,2657
Chardonnay,Peter Michael,Sonoma County,California,La Carrlere,2007,80,92,2549
Chardonnay,Orogeny,Green Valley of Russian River Valley,California,Chardonnay,2007,25,90,2500
Chardonnay,Ramey,Carneros,California,Chardonnay,2007,38,88,2500
Chardonnay,Freestone,Sonoma Coast,California,Ovation,2006,60,91,2500
Chardonnay,Peter Michael,Sonoma County,California,Belle Cote,2007,75,94,2500
Chardonnay,Rodney Strong,Russian River Valley,California,Reserve,2006,40,94,2448
Chardonnay,Merryvale,Carneros,California,Chardonnay,2007,35,91,2215
Chardonnay,Ramey,Sonoma Coast,California,Chardonnay,2007,38,90,2100
Chardonnay,Landmark,Sonoma County,California,Damaris Reserve ,2006,40,93,2000
Chardonnay,Robert Young,Alexander Valley,California,Chardonnay,2006,40,90,1990
Chardonnay,The Hess Collection,Mount Vedeer,California,Chardonnay,2007,35,90,1900
Chardonnay,Waterstone,Carneros,California,Chardonnay,2007,18,87,1832
Chardonnay,Kistler,Carneros,California,Hudson Vineyard,2006,75,93,1818
Chardonnay,Kistler,Sonoma Valley,California,Kistler Vineyard,2006,80,90,1815
Chardonnay,Kistler,Russian River Valley,California,Dutton Ranch,2006,75,92,1810
Chardonnay,Lewis,Napa Valley,California,Chardonnay,2009,48,92,1800
Chardonnay,Vine Cliff,Carneros,California,Los Carneros,2007,39,91,1798
Chardonnay,Darioush,Napa Valley,California,Signature,2007,43,90,1761
Chardonnay,Pahlmeyer,Sonoma Coast,California,Chardonnay,2007,70,93,1620
Chardonnay,HdV,Carneros,California,Hyde Vineyards,2006,60,93,1562
Chardonnay,Laird Family,Carneros,California,Gold Creek Ranch,2007,30,90,1500
Chardonnay,Sterling,Napa Valley,California,Reserve,2008,35,91,1450
Chardonnay,Fog Dog,Sonoma Coast,California,Chardonnay,2006,40,91,1300
Chardonnay,Barnett,Carneros,California,Sengiacomo Vineyard,2005,29,93,1138
Chardonnay,Peter Michael,Sonoma County,California,Mon Plaisir,2007,80,94,1050
Chardonnay,Cakebread,Napa Valley,California,Carneros Reserve,2006,55,91,1000
Chardonnay,Anaba,Sonoma Coast,California,Chardonnay,2007,32,91,938
Chardonnay,Maldonado,Sonoma County,California,Parr Vineyard,2006,24,90,900
Chardonnay,El Molino,Rutherford,California,Chardonnay,2007,45,92,878
Chardonnay,Saddleback,Napa Valley,California,Chardonnay,2007,26,88,831
Chardonnay,White Rock,Napa Valley,California,Chardonnay,2007,30,88,800
Chardonnay,Freestone,Sonoma Coast,California,Chardonnay,2008,55,93,800
Chardonnay,DuMOL,Russian River Valley,California,Chloe,2005,60,92,708
Chardonnay,Calera,Mount Harlan,California,Chardonnay,2007,25,91,663
Chardonnay,Celani Family,Napa Valley,California,Chardonnay,2007,40,91,600
Chardonnay,Maldonado,Napa Valley,California,Los Olivos Vineyard,2006,49,92,566
Chardonnay,DuMOL,Sonoma County,California,Green River Isobel,2005,60,95,558
Chardonnay,Vine Cliff,Carneros,California,Proprietary Reserve,2007,60,91,545
Chardonnay,Keller,Sonoma Coast,California,La Cruz Vineyard,2008,36,91,507
Chardonnay,HdV,Carneros,California,De La Guerra,2007,40,90,506
Chardonnay,Acacia,Carneros,California,Sangiacomo Vineyard,2007,40,92,484
Chardonnay,Ferrari-Carano,Russian River Valley,California,Emelias Cuvee,2007,36,91,465
Chardonnay,D.R. Stephens,Napa Valley,California,Chardonnay,2007,50,92,455
Chardonnay,Talley,Edna Valley,California,Chardonnay,2007,26,91,445
Chardonnay,Freeman,Russian River Valley,California,Ryo-fu,2006,44,92,418
Chardonnay,Ridge,Santa Cruz Mountains,California,Santa Cruz Mountains Estate,2007,40,93,400
Chardonnay,Chasseur,Russian River Valley,California,Lorenzo,2005,55,93,371
Chardonnay,Marimar Estate,Russian River Valley,California,Don Miguel Vineyard Lia Torres Family Vineyards,2006,49,91,355
Chardonnay,LAngevin,Russian River Valley,California,Laughlin Family Vineyard,2007,44,91,350
Chardonnay,Hudson Vineyards,Napa Valley,California,Carneros,2006,60,92,350
Chardonnay,Au Bon Climat,Santa Barbara County,California,Los Alamos Vineyard Historic Vineyards Collection,2007,25,93,325
Chardonnay,Nicholson Ranch,Sonoma Valley,California,Cuvee Natalie,2006,48,90,325
Chardonnay,Souverain,Russian River Valley,California,Winmakers Reserve,2007,30,93,313
Chardonnay,Peirson Meyer,Sonoma Coast,California,Cahrles Heintz Vineyard,2007,55,93,300
Chardonnay,Olabisi,Carneros,California,Ceja Vineyard,2007,40,91,285
Chardonnay,Ferrari-Carano,Russian River Valley,California,Valley Dominique,2007,38,90,276
Chardonnay,Vineyard 7&8,Spring Mountain District,California,Chardonnay,2007,60,92,275
Chardonnay,Armida,Russian River Valley,California,Keefer Ranch,2007,28,91,232
Chardonnay,Three Sticks,Sonoma Valley,California,Durell Vineyard,2006,45,95,220
Chardonnay,Luna,Napa Valley,California,Chardonnay,2006,40,92,204
Chardonnay,Neyers,Sonoma Coast,California,B. Theriot Vineyard,2007,48,91,202
Chardonnay,Jocelyn Lonen,Carneros,California,Founders,2007,45,90,200
Chardonnay,Failla,Sonoma Coast,California,Estate Vineyard,2007,42,94,125
Chardonnay,Peirson Meyer,Sonoma County,California,Untilited #3,2007,75,94,125
Chardonnay,Kazme & Blaise,Carneros,California,Boonflys Hill,2006,50,95,90
Chardonnay,Tor,Sonoma Valley,California,Durell Vineyard Wente Clone,2007,60,95,80
Chardonnay,Maybach,Sonoma Coast,California,Eterium B. Thieriot Vineyard,2009,78,95,60
Grenache,Sine Qua Non,California,California,Pictures,2007,135,91,764
Grenache,Austine Hope,Paso Robles,California,Hope Family Vineyard,2009,42,87,566
Grenache,Beckmen,Santa Ynez Valley,California,Purisma Mountain Vineyard,2008,48,88,500
Grenache,Quivara,Dry Creek Valley,California,Rose Wine Creek Ranch,2009,15,90,448
Grenache,Herman Story,California,California,On the Road,2008,36,93,398
Grenache,Villa Creek,Paso Robles,California,Garnacha Denner Vineyard,2008,35,91,350
Grenache,Bella Victorian,Santa Barbara County,California,Romeo,2006,39,87,300
Grenache,Jemrose,Bennett Valley,California,Foggy Knoll Vineyard,2008,38,87,275
Grenache,Sine Qua Non,Sta. Rita Hills,California,In the Crosshairs Eleven Confessions Vineyard,2006,200,97,202
Grenache,Sine Qua Non,California,California,To the Rescue,2007,100,93,164
Merlot,Mirassou,California,California,Merlot,2007,12,86,43321
Merlot,Rutherford Hill,Napa Valley,California,Merlot,2006,25,89,42546
Merlot,Goldschmidt,Alexander Valley,California,Chelsea Goldschmidt,2008,15,87,3500
Merlot,White Oak,Napa Valley,California,Merlot,2007,26,88,1987
Merlot,Darioush,Napa Valley,California,Signature,2007,48,89,1779
Merlot,Merryvale,Napa Valley,California,Merlot,2006,39,86,1587
Merlot,Keenan,Spring Mountain District,California,Mailbox Vineyard Drive,2006,60,88,330
Merlot,Langtry,Lake County,California,Tephra Ridge Vineyard,2006,40,88,205
Petite Sirah,Parducci,Mendocino County,California,Petite Sirah,2007,11,85,15340
Petite Sirah,Jaffurs,Santa Barbara County,California,Thompson Vineyard,2009,34,90,501
Petite Sirah,Turley,Napa Valley,California,Hayne Vineyard,2008,75,90,350
Petite Sirah,JC Cellars,Russian River Valley,California,Sweetwater Springs Vineyard,2008,35,89,340
Petite Sirah,Erna Schein,Sonoma County,California,Kick Ranch,2008,48,91,312
Petite Sirah,Alta Colina,Paso Robles,California,Anns Block,2008,48,91,123
Pinot Noir,Acacia,California,California,A by Acacia,2008,17,88,58231
Pinot Noir,Castle Rock,Central Coast,California,Pinot Noir,2008,13,87,36000
Pinot Noir,Robert Mondavi,Napa Valley,California,Carneros,2008,28,88,30300
Pinot Noir,Greg Norman California Estates,Santa Barbara County,California,Pinot Noir,2008,15,85,25000
Pinot Noir,Talbott,Santa Lucia Highlands,California,Kali Hart,2008,21,87,8000
Pinot Noir,Fog Dog,Sonoma Coast,California,Pinot Noir,2008,35,89,8000
Pinot Noir,Baileyana,Edna Valley,California,Grand Firepeak Cuvee Firepeak Vineyard,2007,33,87,6334
Pinot Noir,Marting Ray,Santa Barbara County,California,Pinot Noir,2007,25,87,5800
Pinot Noir,Bernardus,Monterey County,California,Pinot Noir,2007,25,87,4715
Pinot Noir,Alma Rosa,Sta. Rita Hills,California,Pinot Noir,2008,32,87,4651
Pinot Noir,Tudor,Santa Lucia Highlands,California,Pinot Noir,2007,40,87,3965
Pinot Noir,Paul Hobbs,Russian River Valley,California,Pinot Noir,2008,45,94,3644
Pinot Noir,Kosta Browne,Russian River Valley,California,Pinot Noir,2008,52,94,3632
Pinot Noir,Kosta Browne,Sonoma Coast,California,Pinot Noir,2008,52,90,3554
Pinot Noir,Artesa,Carneros,California,Estate Reserve,2007,40,88,3527
Pinot Noir,Patz & Hall,Sonoma Coast,California,Pinot Noir,2008,42,93,3103
Pinot Noir,Siduri,Sonoma County,California,Pinot Noir,2009,20,88,2657
Pinot Noir,Fort Ross,Sonoma Coast,California,Symposium Fort Ross Vineyard,2066,32,88,2584
Pinot Noir,Talbott,Santa Lucia Highlands,California,Sleepy Hollow Vineyard,2008,40,86,2500
Pinot Noir,Landmark,Sonoma Coast,California,Grand Detour,2007,40,88,2500
Pinot Noir,Castle Rock,Russian River Valley,California,Pinot Noir,2008,18,86,2400
Pinot Noir,Demetria,Sta. Rita Hills,California,Pinot Noir,2007,40,86,2000
Pinot Noir,Siduri,Santa Lucia Highlands,California,Pinot Noir,2009,29,92,1855
Pinot Noir,Freeman,Russian River Valley,California,Pinot Noir,2006,44,89,1592
Pinot Noir,Twomey,Santa Barbara County,California,Pinot Noir,2008,30,88,1510
Pinot Noir,De Loach,Green Valley of Russian River Valley,California,Pinot Noir,2008,45,92,1467
Pinot Noir,Calera,Mount Harlan,California,Jensen Vineyard,2004,60,91,1262
Pinot Noir,Twomey,Sonoma Coast,California,Pinot Noir,2008,50,87,1255
Pinot Noir,Ampelos,Sta. Rita Hills,California,Lambda,2007,35,92,1094
Pinot Noir,Freeman,Sonoma Coast,California,Pinot Noir,2007,44,92,1068
Pinot Noir,Toulouse,Anderson Valley,California,Pinot Noir,2005,39,91,1050
Pinot Noir,MacRostie,Sonoma Coast,California,Wildcat Mountain Vineyard,2006,45,89,1003
Pinot Noir,Loring,Sta. Rita Hills,California,Clos Pepe Vineyard,2009,45,93,1000
Pinot Noir,V. Sattui,Carneros,California,Henry Ranch,2008,36,87,951
Pinot Noir,Athair,Russian River Valley,California,Pinot Noir,2008,36,90,919
Pinot Noir,Vision Cellars,Sonoma County,California,Pinot Noir,2007,38,90,900
Pinot Noir,DuMOL,Russian River Valley,California,Ryan,2007,76,94,850
Pinot Noir,Rusack,Santa Maria Valley,California,Pinot Noir,2008,36,88,833
Pinot Noir,Kosta Browne,Russian River Valley,California,Koplen Vineyard,2008,72,95,792
Pinot Noir,Baker Lane,Sonoma Coast,California,Ramondo Vineyard,2007,42,88,777
Pinot Noir,Paul Hobbs,Napa Valley,California,Carneros Hyde Vineyard,2008,75,94,741
Pinot Noir,Sequana,Green Valley of Russian River Valley,California,Valley Dutton Ranch,2007,40,88,728
Pinot Noir,Sebastiani,Carneros,California,Pinot Noir,2008,24,87,720
Pinot Noir,Roar,Santa Lucia Highlands,California,Garys Vineyard,2008,50,88,710
Pinot Noir,Kosta Browne,Sonoma Coast,California,Gaps Crown Vineyard,2008,68,92,690
Pinot Noir,Foxen,Santa Maria Valley,California,Julias Vineyard,2008,56,94,670
Pinot Noir,Kosta Browne,Russian River Valley,California,Keefer Ranch,2008,72,95,613
Pinot Noir,Loring,Russian River Valley,California,Pinot Noir,2009,29,93,600
Pinot Noir,Loring,Santa Lucia Highlands,California,Pinot Noir,2009,29,93,600
Pinot Noir,Loring,Sta. Rita Hills,California,Pinot Noir,2009,29,88,600
Pinot Noir,Failla,Russian River Valley,California,Keefer Ranch,2007,45,91,600
Pinot Noir,Testarossa,Santa Lucia Highlands,California,Sleepy Hollow Vineyard,2008,59,87,600
Pinot Noir,Clouds Rest,Sonoma Coast,California,Limited Release,2007,69,90,600
Pinot Noir,Kosta Browne,Russian River Valley,California,Amber Ridge Vineyard,2008,72,95,600
Pinot Noir,Alma Rosa,Sta. Rita Hills,California,La Encantada Vineyard,2008,43,88,591
Pinot Noir,Kosta Browne,Sonoma Coast,California,Kanzler Vineyard,2008,72,94,564
Pinot Noir,Keller,Sonoma Coast,California,La Cruz Vineyard,2007,44,88,510
Pinot Noir,Sequana,Santa Lucia Highlands,California,Sarmento Vineyard,2008,32,88,500
Pinot Noir,Failla,Sonoma Coast,California,Pinot Noir,2007,34,91,500
Pinot Noir,Loring,San Luis Obispo County,California,Aubaine Vineyard,2009,45,90,500
Pinot Noir,Fleming Jenkins,California,California,Victories Rose,2009,20,89,480
Pinot Noir,Loring,Santa Lucia Highlands,California,Garys Vineyard,2009,45,93,450
Pinot Noir,Mueller,Russian River Valley,California,Pinot Noir,2007,25,92,442
Pinot Noir,Adrian Fog,Anderson Valley,California,Savoy Vineyard,2005,75,92,440
Pinot Noir,Kosta Browne,Santa Lucia Highlands,California,Garys Vineyard,2008,72,94,422
Pinot Noir,Calera,Mount Harlan,California,Thirtieth Anniverasry Vintage Mt. Harlan Cuvee,2005,30,90,403
Pinot Noir,Pfendler,Sonoma Coast,California,Pinot Noir,2008,45,88,400
Pinot Noir,Loring,Green Valley of Russian River Valley,California,Keefer Ranch Vineyard,2009,45,92,400
Pinot Noir,DuMOL,Red Hills Lake County,California,Aidan,2007,76,92,380
Pinot Noir,DuMOL,Sonoma Coast,California,Eoin,2007,76,92,375
Pinot Noir,Small Vines,Russian River Valley,California,Pinot Noir,2006,50,91,365
Pinot Noir,Siduri,Santa Lucia Highlands,California,Pisoni Vineyard,2009,54,95,364
Pinot Noir,DuMOL,Russian River Valley,California,Finn,2007,80,93,363
Pinot Noir,Baker Lane,Sonoma Coast,California,Hurst Vineyard,2007,36,91,360
Pinot Noir,Alma Rosa,Sta. Rita Hills,California,La Encantada Vineyard Clone 667,2008,43,88,358
Pinot Noir,Rusack,Sta. Rita Hills,California,Reserve,2008,40,89,340
Pinot Noir,Adrian Fog,Sonoma Coast,California,Numbers,2008,75,93,340
Pinot Noir,A.P.Vin,Santa Lucia Highlands,California,Rosellas Vineyard,2009,48,95,325
Pinot Noir,Davis Bynum,Russian River Valley,California,Bynum & Moshin Vineyards,2004,50,91,314
Pinot Noir,A.P.Vin,Santa Lucia Highlands,California,Garys Vineyard,2009,48,93,300
Pinot Noir,Siduri,Santa Lucia Highlands,California,Garys Vineyard,2009,51,94,298
Pinot Noir,Vision Cellars,Russian River Valley,California,Coster Vineyard,2007,42,93,286
Pinot Noir,Paul Hobbs,Russian River Valley,California,Ulises Valdez Vineyard,2008,70,92,282
Pinot Noir,Roessler,Anderson Valley,California,Valley Savoy,2007,46,94,268
Pinot Noir,Kosta Browne,Santa Lucia Highlands,California,Rosellas Vineyard,2008,72,93,255
Pinot Noir,Loring,Paso Robles,California,Russel Family Vineyard,2009,45,94,250
Pinot Noir,Patz & Hall,Russian River Valley,California,Freestone Hill,2007,70,95,245
Pinot Noir,Siduri,Sta. Rita Hills,California,Clos Pepe Vineyard,2007,54,91,241
Pinot Noir,Loring,Sonoma Coast,California,Durell Vineyard,2009,45,94,200
Pinot Noir,A.P.Vin,Sonoma Coast,California,Kanzler Vineyard,2009,48,94,200
Pinot Noir,A.P.Vin,Russian River Valley,California,Keefer Ranch Vineyard,2009,48,92,200
Pinot Noir,Landmark,Sonoma Coast,California,Kanzler Vineyard,2008,65,93,200
Pinot Noir,Loring,Sta. Rita Hills,California,Cargasacchi Vineyard,2009,45,92,175
Pinot Noir,Kutch,Sonoma Coast,California,Kanzler Vineyard,2007,48,89,175
Pinot Noir,Spell,Sonoma Coast,California,Pinot Noir,2008,30,88,170
Pinot Noir,Lynmar,Russian River Valley,California,Valley Bliss Block,2008,70,93,152
Pinot Noir,Loring,Green Valley of Russian River Valley,California,Graham Family Vineyard,2009,45,93,150
Pinot Noir,A.P.Vin,Sta. Rita Hills,California,Clos Pepe Vineyard,2009,48,91,150
Pinot Noir,A.P.Vin,Sta. Rita Hills,California,Turner Vineyard,2009,48,91,150
Pinot Noir,Lynmar,Russian River Valley,California,Five Sisters,2007,100,94,147
Pinot Noir,Davis Bynum,Russian River Valley,California,Laurels Estate Vineyard,2004,75,91,142
Pinot Noir,Valdez Family,Russian River Valley,California,Lancel Creek Vineyard,2007,55,93,130
Pinot Noir,Loring,Sta. Rita Hills,California,Rancho La Vina Vineyard,2009,45,91,125
Pinot Noir,Kutch,Sonoma Coast,California,McDougal Ranch,2007,48,91,125
Pinot Noir,Davis Bynum,Russian River Valley,California,The Backbone,2004,75,92,117
Pinot Noir,Kosta Browne,Santa Lucia Highlands,California,Pisoni Vineyard,2008,72,93,115
Pinot Noir,Kosta Browne,California,California,4-Barrel,2008,72,92,97
Pinot Noir,A.P.Vin,Santa Maria Valley,California,Rancho Oliveros Vineyard,2009,48,93,50
Sauvignon Blanc,Robert Mondavi,Napa Valley,California,Fume Blanc,2008,20,88,50543
Sauvignon Blanc,Pomelo,California,California,Sauvignon Blanc,2009,10,87,50000
Sauvignon Blanc,Mirassou,California,California,Sauvignon Blanc,2008,12,85,42000
Sauvignon Blanc,Benziger,Sonoma-Lake Counties,California,Sauvignon Blanc,2009,15,86,20000
Sauvignon Blanc,Kunde Estate,Sonoma Valley,California,Magnolia Lane,2009,16,86,15000
Sauvignon Blanc,Angeline,Russian River Valley,California,Sauvignon Blanc,2009,14,85,8500
Sauvignon Blanc,Manifesto!,North Coast,California,Sauvignon Blanc,2008,12,85,8100
Sauvignon Blanc,Cade,Napa Valley,California,Sauvignon Blanc,2008,26,89,5200
Sauvignon Blanc,Pedroncelli,Dry Creek Valley,California,East Side Vineyards,2009,12,86,5100
Sauvignon Blanc,No,Lake County,California,Sauvignon Blanc,2008,12,85,4210
Sauvignon Blanc,Merry Edwards,Russian River Valley,California,Sauvignon Blanc,2008,30,93,3880
Sauvignon Blanc,Twomey,Napa Valley,California,Sauvignon Blanc,2009,25,87,3326
Sauvignon Blanc,Illumination,Napa Valley,California,Sauvignon Blanc,2008,40,87,3150
Sauvignon Blanc,John Anthony,Napa Valley,California,Sauvignon Blanc,2009,19,89,3098
Sauvignon Blanc,J. Lohr,Napa Valley,California,Carols Vineyard,2009,24,86,2900
Sauvignon Blanc,Star Lane,Santa Ynez Valley,California,Sauvignon Blanc,2008,20,86,2800
Sauvignon Blanc,White Oak,Russian River Valley,California,Sauvignon Blanc,2008,16,87,2000
Sauvignon Blanc,Joseph Phelps,St. Helena,California,Sauvignon Blanc,2008,32,89,2000
Sauvignon Blanc,Sbragia Family,Dry Creek Valley,California,Home Ranch,2009,20,89,1698
Sauvignon Blanc,Beckmen,Santa Ynez Valley,California,Sauvignon Blanc,2009,16,89,1500
Sauvignon Blanc,Peter Michael,Knights Valley,California,LApres-Midi,2008,48,91,1260
Sauvignon Blanc,Handley,Dry Creek Valley,California,Handley Vineyard,2008,15,87,1214
Sauvignon Blanc,Azur,Rutherford,California,Sauvignon Blanc,2009,24,87,1000
Sauvignon Blanc,Capture,California,California,Tradition,2009,30,91,875
Sauvignon Blanc,Imagery,Sonoma Valley,California,Wow Oui,2009,27,87,874
Sauvignon Blanc,Brander,Santa Ynez Valley,California,Cuvee Natalie,2009,18,87,857
Sauvignon Blanc,Brander,Santa Ynez Valley,California,au Naturel,2009,32,87,759
Sauvignon Blanc,Selene,Carneros,California,Hyde Vineyards,2009,27,89,750
Sauvignon Blanc,Round Pond Estate,Rutherford,California,Sauvignon Blanc,2009,26,90,714
Sauvignon Blanc,Grey Stack,Bennett Valley,California,Rosemarys Block Dry Stack Vineyard,2009,28,90,700
Sauvignon Blanc,Langtry,Guenoc Valley,California,Lillie Vineyard,2008,20,87,659
Sauvignon Blanc,Sbragia Family,Dry Creek Valley,California,Home Ranch,2006,20,90,620
Sauvignon Blanc,Sbragia Family,Dry Creek Valley,California,Schmidt Ranch,2009,24,88,602
Sauvignon Blanc,Kenzo,Napa Valley,California,Asatsuyu,2008,60,89,600
Sauvignon Blanc,David Arthur,Napa Valley,California,Sauvignon Blanc,2008,25,86,566
Sauvignon Blanc,Koehler,Santa Ynez Valley,California,Sauvignon Blanc,2008,12,87,505
Sauvignon Blanc,Altamura,Napa Valley,California,Sauvignon Blanc,2007,48,92,500
Sauvignon Blanc,Beltane Ranch,Sonoma Valley,California,Sauvignon Blanc,2009,23,89,413
Sauvignon Blanc,Brander,Santa Ynez Valley,California,Mesa Verde Vineyard,2009,22,89,380
Sauvignon Blanc,Brander,Santa Ynez Valley,California,Cuvee Nicolas,2009,25,91,377
Sauvignon Blanc,Jericho Canyon,Napa Valley,California,Sauvignon Blanc,2009,25,89,370
Sauvignon Blanc,Capture,Sonoma County,California,Les Pionniers,2009,36,92,360
Sauvignon Blanc,John Anthony,Carneros,California,Church Vineyard,2009,28,91,354
Sauvignon Blanc,Cimarone,Happy Canyon of Santa Barbara,California,3CV Grassini Family Vineyards,2009,21,88,270
Sauvignon Blanc,Brander,Santa Ynez Valley,California,Purisma Mountain,2009,25,88,260
Sauvignon Blanc,Madrigal,Napa Valley,California,Estate,2009,25,89,200
Syrah,Zaca Mesa,Santa Ynez Valley,California,Syrah,2007,24,87,7651
Syrah,Montes,Paso Robles,California,Star Angel ,2007,35,87,3000
Syrah,Fess Parker,Santa Barbara County,California,Syrah,2008,20,88,2831
Syrah,Ramey,Sonoma Coast,California,Syrah,2008,38,92,1750
Syrah,Stolpman,Santa Ynez Valley,California,Syrah,2008,30,87,1500
Syrah,Tensley,Santa Barbara County,California,Colson Canyon Vineyard,2009,38,90,1495
Syrah,Sine Qua Non,California,California,Labels,2007,135,92,1421
Syrah,Krupp Brothers,Napa Valley,California,Black Bart Stagecoach Vineyard,2005,52,91,1219
Syrah,Rosenblum,Yolo County,California,Rominger Vineyard,2005,25,91,1125
Syrah,Zaca Mesa,Santa Ynez Valley,California,Mesa Reserve,2007,42,93,992
Syrah,Red Lava,Red Hills Lake County,California,Syrah,2007,22,89,977
Syrah,Red Car,Sonoma County,California,Syrah,2008,45,88,961
Syrah,Stolpman,Santa Ynez Valley,California,Originals,2008,38,88,950
Syrah,Ancient Peaks,Paso Robles,California,Syrah,2007,16,87,869
Syrah,Rosenblum,Solano County,California,England-Shaw,2007,35,89,735
Syrah,Eberle,Paso Robles,California,Rose Steinbeck Vineyard,2009,17,88,705
Syrah,Ojai,California,California,Roll Ranch Vineyard,2004,45,90,700
Syrah,Joseph Phelps,Napa Valley,California,Syrah,2008,50,90,600
Syrah,Pride,Sonoma County,California,Syrah,2008,60,88,575
Syrah,J. Lohr,Paso Robles,California,Gesture Limited Release,2008,30,87,514
Syrah,Rosenblum,Sonoma County,California,Kick Ranch Reserve,2007,45,87,496
Syrah,Rosenblum,Lake County,California,Snows Lake Vineyard,2007,25,88,486
Syrah,Fleming Jenkins,Livermore Valley,California,Madden Ranch,2007,40,89,456
Syrah,Rosenblum,Lodi,California,Abba Vineyard,2007,25,88,450
Syrah,Sine Qua Non,Sta. Rita Hills,California,A Shot in the Dark Eleven Confessions Vineyard,2006,200,98,442
Syrah,Four Vines,Amador County,California,Bailey Vineyard,2005,38,93,440
Syrah,Herman Story,Santa Ynez Valley,California,Larner Vinyard,2005,28,92,432
Syrah,DuMOL,Russian River Valley,California,Eddies Patch,2007,76,92,420
Syrah,Red Car,California,California,The Flight,2008,55,90,394
Syrah,Ampelos,Santa Barbara County,California,Rose,2009,18,88,320
Syrah,Kosta Browne,Russian River Valley,California,Amber Ridge Vineyard,2004,45,90,320
Syrah,Keller,Sonoma Coast,California,La Cruz Vineyard,2007,40,88,308
Syrah,Carlisle,Russian River Valley,California,Papas Block,2007,43,98,307
Syrah,Martinelli,Russian River Valley,California,Zio Tony Ranch Gianna Marie,2006,75,93,305
Syrah,Chalk Hill,Chalk Hill,California,Syrah,2007,60,94,304
Syrah,Duchamp,Dry Creek Valley,California,Cuvee Trouvee,2006,38,93,300
Syrah,Ampelos,Sta. Rita Hills,California,Gamma,2005,35,92,264
Syrah,Paloma,Dry Creek Valley,California,Polomita Hamilton Vineyard,2005,45,91,250
Syrah,Carlisle,Bennett Valley,California,Cardiac Hill,2008,45,93,239
Syrah,Ojai,Sta. Rita Hills,California,Melville Vineyards,2006,44,91,238
Syrah,Chateau Potelle,Mount Vedeer,California,VGS,2004,75,90,238
Syrah,Adobe Road,Dry Creek Valley,California,Kemp Vineyard,2007,40,91,235
Syrah,Carlisle,Russian River Valley,California,Papas Block,2008,45,92,212
Syrah,JC Cellars,California,California,Twist of Fate,2008,55,92,206
Syrah,Whitestone,Sonoma Coast,California,Guidici Famili Vineyard,2005,55,90,200
Syrah,McPrice Myers,Arroyo Grande Valley,California,Les Galets,2006,36,93,198
Syrah,Carlisle,Santa Lucia Highlands,California,Rosellas Vineyard,2007,43,94,192
Syrah,Boheme,Sonoma Coast,California,Que Syrah Vineyard,2006,40,87,185
Syrah,Novy,Russian River Valley,California,Christensen Family Vineyard,2008,27,91,177
Syrah,Duchamp,Dry Creek Valley,California,Grand Master,2006,55,93,175
Syrah,Carlisle,Santa Lucia Highlands,California,Rosellas Vineyard,2008,45,88,171
Syrah,Favia,Amador County,California,Quarzo,2008,65,95,154
Syrah,Roar,Santa Lucia Highlands,California,Rosellas Vineyard,2008,40,94,140
Syrah,Herman Story,Santa Barbara County,California,Larner Vinyard,2008,36,93,135
Syrah,Herman Story,Santa Barbara County,California,White Hawk Vineyard,2008,36,93,132
Syrah,Stephen Test,Dry Creek Valley,California,Unti Vineyard,2006,30,91,128
Syrah,Red Car,California,California,Twenty Two,2005,60,93,111
Syrah,Roar,Santa Lucia Highlands,California,Garys Vineyard,2008,40,92,110
Syrah,Jemrose,Bennett Valley,California,Glorias Gem,2006,75,94,48
Zinfandel,Cline,California,California,Zinfandel,2008,12,85,97500
Zinfandel,Klinker Brick,Lodi,California,Old Vine,2006,18,87,20000
Zinfandel,Rodney Strong,Sonoma County,California,Knotty Vines,2007,20,86,18655
Zinfandel,Artezin,Mendocino County,California,Zinfandel,2009,18,87,15000
Zinfandel,Terra dOro,Amador County,California,Zinfandel,2007,18,88,14000
Zinfandel,Dry Creek,Sonoma County,California,Heritage,2007,18,87,13877
Zinfandel,Rosenblum,Paso Robles,California,Appelation Series,2006,18,88,8913
Zinfandel,Sausal,Alexander Valley,California,50  Year Old Vines,2006,19,88,8913
Zinfandel,Sobon Estate,Amador County,California,Old Vines,2008,14,86,6900
Zinfandel,Pedroncelli,Dry Creek Valley,California,Mother Clone,2008,15,88,6000
Zinfandel,Artezin,Amador-Mendocino-Sonoma Counties,California,Zinfandel,2008,18,87,5856
Zinfandel,Dry Creek,Dry Creek Valley,California,Old Vine,2007,28,88,5555
Zinfandel,Rosenblum,Sonoma County,California,Zinfandel,2007,18,87,5297
Zinfandel,Rosenblum,Rockpile,California,Rockpile Road Vineyard,2005,35,91,3558
Zinfandel,Pedroncelli,Dry Creek Valley,California,Bushnell Vineyard,2007,18,86,3500
Zinfandel,Sextant,Paso Robles,California,Wheelhouse,2008,20,88,3300
Zinfandel,Girard,Napa Valley,California,Old Vine,2008,24,88,2850
Zinfandel,Robert Biale,Napa Valley,California,Black Chicken,2008,40,91,2700
Zinfandel,Four Vines,Amador County,California,Maverick,2005,24,91,2529
Zinfandel,Rubicon Estate,Rutherford,California,Edizione Pennino,2007,45,87,2499
Zinfandel,Rosenblum,Contra Costa County,California,Planchon Vineyard,2006,26,86,2425
Zinfandel,Rubicon Estate,Rutherford,California,Edizione Pennino,2008,45,86,2278
Zinfandel,Kunde Estate,Sonoma Valley,California,Century Vines Reserve,2007,35,89,2000
Zinfandel,Rosenblum,Contra Costa County,California,Carlas Reserve,2007,30,88,1909
Zinfandel,Bradford Mountain,Dry Creek Valley,California,Zinfandel,2006,22,87,1900
Zinfandel,St. Francis,Sonoma County,California,Wild Oak Old Vines,2007,38,89,1900
Zinfandel,De Loach,Russian River Valley,California,Zinfandel,2007,20,89,1830
Zinfandel,Rutherford Ranch,Napa Valley,California,Zinfandel,2007,18,87,1552
Zinfandel,Mauritson,Dry Creek Valley,California,Zinfandel,2008,27,87,1457
Zinfandel,Sebastiani,Dry Creek Valley,California,Zinfandel,2008,24,87,1284
Zinfandel,Terra dOro,Amador County,California,SHR Field Blend,2007,30,87,1250
Zinfandel,Neyers,Contra Costa County,California,Pato Vineyard,2008,30,87,1200
Zinfandel,D-Cubed Cellars,Napa Valley,California,Zinfandel,2006,27,89,1100
Zinfandel,Cline,Contra Costa County,California,Bridgehead,2008,25,87,850
Zinfandel,Martinelli,Russian River Valley,California,Giuseppe & Luisa,2007,50,91,825
Zinfandel,Kokomo,Sonoma County,California,Zinfandel,2008,22,88,800
Zinfandel,Rock Wall,Contra Costa County,California,Jesses Vineyard,2008,28,88,765
Zinfandel,Dark Horse,Dry Creek Valley,California,Treborce Vineyard,2008,28,90,750
Zinfandel,Frank Family,Napa Valley,California,Reserve,2007,50,88,748
Zinfandel,C.G. Di Arle,Shenandoah Valley,California,Primitivo Block #4,2007,25,86,719
Zinfandel,Haywood,Sonoma Valley,California,Rocky Terrace Los Chamizal Vineyards,2007,35,89,590
Zinfandel,Cameron Hughes,Lake County,California,Lot 154,2006,13,86,584
Zinfandel,Linne Calodo,Paso Robles,California,Problem Child,2007,48,94,580
Zinfandel,Saucelito Canyon,San Luis Obispo County,California,Backroads,2007,18,89,563
Zinfandel,Sbragia Family,Dry Creek Valley,California,Ginos Vineyard,2007,28,88,544
Zinfandel,Carlisle,Sonoma County,California,Zinfandel,2007,23,92,539
Zinfandel,Robert Biale,Napa Valley,California,Napa Ranches,2008,38,89,525
Zinfandel,Bradford Mountain,Dry Creek Valley,California,Grist Vineyard,2006,33,90,500
Zinfandel,Chiarello Family,Napa Valley,California,Giana,2008,35,93,480
Zinfandel,Dashe,Alexander Valley,California,Todd Brothers Ranch Old Vines,2007,32,88,476
Zinfandel,Dry Creek,Dry Creek Valley,California,Somers Ranch,2007,34,88,469
Zinfandel,Turley,Howell Mountain,California,Cedarman,2008,29,93,400
Zinfandel,Haywood,Sonoma Valley,California,Morning Sun Los Chamizal Vineyards,2007,35,88,399
Zinfandel,Schrader,Napa Valley,California,Vieux-Os Hell Hole Cuvee Old Vine,2006,35,87,375
Zinfandel,Carlisle,Dry Creek Valley,California,Zinfandel,2007,33,95,360
Zinfandel,Dancing Lady,Alexander Valley,California,Old vine Della Costa Family Vineyard,2008,24,87,358
Zinfandel,Hartford Family,Russian River Valley,California,Highwire Vineyard,2008,55,89,340
Zinfandel,Saxon Brown,Sonoma Valley,California,Casa Santinamaria Vineyards,2006,38,89,327
Zinfandel,Carlisle,Russian River Valley,California,Carlisle Vineyard,2008,43,93,325
Zinfandel,Dancing Lady,Alexander Valley,California,Old vine Della Costa Family Vineyard,2007,27,91,321
Zinfandel,Collier Falls,Dry Creek Valley,California,Private Reserve,2006,32,92,300
Zinfandel,Turley,Sonoma Valley,California,Fredericks Vineyard,2008,42,91,300
Zinfandel,Del Carlo,Dry Creek Valley,California,Old Vine Teldeschi Vineyard Home Ranch,2006,32,88,294
Zinfandel,Robert Biale,St. Helena,California,Old Kraft Vineyard,2008,44,93,275
Zinfandel,Robert Biale,St. Helena,California,Varozza Vineyard,2008,44,88,275
Zinfandel,Carlisle,Russian River Valley,California,Montafi Ranch,2007,43,91,258
Zinfandel,Rosenblum,Sonoma Valley,California,Cullinane Reserve,2007,45,87,238
Zinfandel,Carlisle,Sonoma Valley,California,Rossi Ranch,2007,40,93,236
Zinfandel,Valdez,Rockpile,California,Boticelli Vineyards,2007,41,89,233
Zinfandel,D-Cubed Cellars,Napa Valley,California,Primitivo,2006,25,88,226
Zinfandel,Turley,Napa Valley,California,Tofanelli Vineyard,2008,34,93,200
Zinfandel,Carlisle,Sonoma Valley,California,Rossi Ranch,2008,40,90,119